"grupo","empresa","nombreEmpresa","premium","desktop","mobile","aa","basica","voiceMail","secretaria","recepcionista","qty"
"3378145","2416871","GARCIA MOYOTL CONTABLE S C",0,0,0,1,5,0,0,0,6
"3346123","2403100","DEL VENUSTIANO CARRANZA",0,0,0,0,17,0,0,0,17
"3252743","2368684","HUERTA AUTOMOTRIZ SA DE CV",0,0,0,0,5,0,0,0,5
"2205823","1651003","SHAMIR MACHADO GOMEZ",0,0,0,0,12,0,0,0,12
"3240614","2364108","BAHIA HUB SA DECV",0,0,0,0,5,0,0,0,5
"3240557","2364080","PROGRAMAS DE RELACIONAMIENTO M",0,0,0,0,5,0,0,0,5
"3240514","2364064","COMSTRA S A P I  DE C V",0,0,0,0,4,0,0,0,4
"3148703","2324854","BIENES PROGRAMADOS SA DE CV",0,0,0,1,9,0,0,0,10
"3189852","2343229","BIENES PROGRAMADOS S A  DE C V",0,0,0,1,11,0,0,0,12
"3242676","1630294","LEVIC SADECV",0,0,0,1,3,0,0,0,4
"3114931","2312867","ARCOMEX SA DE CV",2,2,0,1,6,8,0,1,20
"1758657","1469542","ISAAC  HAMUI ARAF",0,0,0,0,1,0,0,0,1
"3099106","2304833","MVP SERVICIOS SC",4,0,4,0,0,0,0,0,8
"3096340","2286858","BRIT AUTO",5,0,0,1,0,0,0,0,6
"1874213","1469542","ISAAC  HAMUI ARAF",0,0,0,0,1,0,0,0,1
"2673734","2075361","HILTON SERVICECORPORATION",0,0,7,0,7,0,0,0,14
"3211910","1772869","BOSNOR CARLOS FLORES",15,0,0,0,0,0,0,0,15
"2916188","2185163","globalleadership",6,6,6,0,0,0,0,0,18
"2913606","1582377","Deyanira Davila",0,0,0,0,15,0,0,0,15
"3106604","2309555","CORPORATIVO MAIF DE SEGURIDAD",0,0,0,1,2,0,0,0,3
"3275949","2376703","LEVIC SA DE CV",0,0,0,0,5,0,0,0,5
"2862825","2190210","HORNBECK OFFSHORE OPERATORS DE",0,0,0,1,15,0,0,0,16
"2833584","2190210","HORNBECK OFFSHORE OPERATORS DE",0,0,0,1,15,0,0,0,16
"3196761","2345734","DISTRIBUIDORA 1820 S A  DE C V",3,0,0,1,5,0,0,0,9
"1654233","1408697","Estructura Enpresarial",1,0,0,1,4,0,1,0,7
"1705103","1436250","JUAN RAFAEL VENEGAS VENEGAS",2,0,0,0,0,0,0,0,2
"2780816","2134867","TIENDAS SUPER NEGOCIO S A  DE",0,0,0,1,9,9,0,1,20
"2632104","1535910","Miguel Angel Lopez L",0,0,1,0,1,0,0,0,2
"1705092","1436250","JUAN RAFAEL VENEGAS VENEGAS",2,0,0,0,0,0,0,0,2
"1825824","1494561","OSCAR ALONSO RODRIGUEZ LOPEZ",0,0,0,0,8,0,0,0,8
"3413417","2425212","ALBATROS AUTOBUSES SA DE CV",4,0,1,1,0,0,0,0,6
"2160277","1751480","TRES SA DE CVOPERADORA",0,0,1,0,1,0,0,0,2
"3343126","2401781","MICOPERI DE MEXICO SA DE CV",0,0,8,1,8,0,0,0,17
"2148113","1772760","JESUS CHAVEZ X",0,0,0,0,10,0,0,0,10
"3224397","2349647","CABI ENTRETENIMIENTO S A P I",1,0,0,0,5,0,0,0,6
"3259180","2370915","SISTEMAS Y PROYECTOS RED SA DE",19,19,19,1,19,5,0,1,83
"3118170","2306198","THOR URBANA PROPERTIES S DE RL",3,3,3,1,9,12,0,1,32
"2780564","2152876","AUTOFINANCIAMIENTO",0,0,0,0,9,0,0,0,9
"3301856","2047269","JCJCSUAREZY",9,0,2,1,0,0,0,0,12
"3240427","2364027","PONY COMPRA COLECTIVA SA DE CV",0,0,0,0,20,0,0,0,20
"1800869","1469542","ISAAC  HAMUI ARAF",0,0,0,0,1,0,0,0,1
"1730469","1443342","JUAN  OSORNIO TEPANECATL",6,0,6,1,14,1,0,1,29
"2024157","1677047","JOSE LUIS ROSALEZ ROZALEZ",5,0,5,1,0,0,0,0,11
"1700398","1433528","NIDICON COMUNICACIONES",3,4,4,1,5,4,0,1,22
"2185289","1764741","INDUSTRIASMEMPER",0,0,0,0,8,8,0,0,16
"2061147","1686686","EMANUEL SOLIS SOLIS",3,0,0,1,0,3,0,1,8
"1806854","1515992","OSCAR ALFONSO RODRIGUEZ LOPEZ",0,0,0,0,8,0,0,0,8
"2597971","2062570","ACUAPUMPS SA DECV",3,0,3,1,0,0,0,0,7
"3310840","2389014","AUTO EXPRESS ALLENDE S A  DE C",3,0,0,1,12,15,0,0,31
"1670775","1417194","CIMA",0,0,0,0,2,0,0,0,2
"2079213","1719206","HEZA DE S R L DE CV",1,0,3,0,2,0,0,0,6
"3342264","2401324","EDGARCARDON",0,0,0,1,4,0,0,0,5
"1825296","1469542","ISAAC  HAMUI ARAF",0,0,0,0,1,0,0,0,1
"1846144","1408697","Estructura Enpresarial",0,0,0,1,3,0,0,0,4
"3009633","1543817","CORPORACION INTEGRALA",0,0,0,1,15,0,0,0,16
"2107929","1651003","SHAMIR MACHADO GOMEZ",7,0,0,1,0,0,0,0,8
"1654341","1408752","Constructora y Arrendadora",3,0,3,1,0,0,0,0,7
"3398383","2402964","PATRONATO PARA EL DESARROLLO",0,0,0,1,4,0,0,0,5
"1994789","1655484","Ricardo Jimenez Herrera",5,0,5,1,0,0,0,0,11
"2454187","1987572","SERVICIOS EMPRESARIALES Y CONT",0,0,0,1,20,0,0,0,21
"2493513","2007591","MARTENS ABOGADOS SC",9,9,9,1,0,9,0,1,38
"2257507","1867921","MOISES LOPEZ X",0,0,0,1,5,0,0,0,6
"3338044","2393960","NOMIBOX S A  DEC V",0,0,0,0,2,0,0,0,2
"3240469","2364050","ARTAK S A P I DE C V",0,0,0,0,4,0,0,0,4
"2682961","2080279","JULIO CESAR MENDOZA GRAHAM",3,3,3,1,0,0,0,0,10
"2433054","1952379","Luis Fernando Rodriguez Garcia",0,0,1,0,5,0,0,0,6
"2135758","1765558","INFORMATICA APICAM LERMA",0,0,0,1,18,0,0,0,19
"2361091","1932130","ROB PANTOJA X",1,0,0,1,8,0,0,0,10
"2165993","1765558","INFORMATICA APICAM LERMA",1,0,0,1,14,0,0,0,16
"1826029","1443342","JUAN  OSORNIO TEPANECATL",1,0,1,0,3,0,0,0,5
"3212306","2340123","SONITRONIES S DE RLNOAPLICA",7,0,0,1,4,0,0,0,12
"2458129","1989717","DIEZ DE COATZACOALCOS SA DE CV",15,0,0,1,0,0,0,0,16
"3338042","2393953","BRAINIAC S A  DE C V",0,0,0,0,5,0,0,0,5
"3349628","2404801","COMERCIO INTERNACIONAL SISTEMA",9,2,10,1,10,15,0,1,48
"2599176","2063322","GRAND HOME SA DE CV",13,0,1,1,0,0,0,0,15
"1663186","1413253","Candados Mexicanos",4,0,0,1,0,4,0,0,9
"2160368","1751480","TRES SA DE CVOPERADORA",0,0,1,0,1,0,0,0,2
"2185230","1764741","INDUSTRIASMEMPER",0,0,0,0,8,8,0,0,16
"2682277","2080279","JULIO CESAR MENDOZA GRAHAM",4,4,4,1,0,0,0,0,13
"1710960","1439143","SAULSIGALASIGALA",5,0,5,1,15,2,0,0,28
"3242672","2235796","FERNANDOMEJIA",0,0,0,1,3,0,0,0,4
"2176995","1453754","SA DE CVAMATS",3,0,0,1,0,0,0,1,5
"2493412","2005114","COCINAS DE CULTO S A DE C V",0,0,0,1,3,0,0,0,4
"2798160","1359479","CASOFIN",0,0,1,1,9,0,0,0,11
"3057850","2288852","MACERE SA DE CV",0,0,0,1,12,0,1,0,14
"2624614","2076808","KLEIN HOME SOLAR   HEAT   INTE",3,0,3,1,1,3,0,0,11
"3006862","2251481","CARLOSGUILLEN",0,0,0,1,3,0,0,1,5
"2185196","1764741","INDUSTRIASMEMPER",0,0,0,1,17,17,0,0,35
"2177022","1453754","SA DE CVAMATS",3,0,0,1,0,0,0,1,5
"3449744","1612371","GUECLEGAL",1,0,1,1,4,2,0,1,10
"3273338","1917515","DIAVAZCONSTRUCTORA",0,0,0,0,5,0,0,0,5
"3339354","2397046","MANUCHAR INTERNACIONAL SA DE C",0,0,0,0,6,0,0,0,6
"3363627","2410701","SANTA MARIA DEGUADALUPE CAPUC",13,1,6,1,0,0,0,1,22
"2144394","1772020","Sistemas de Impresion y Gestion Documental",2,1,4,1,15,13,0,0,36
"3119776","2248666","ACCIONA (INMOBILIARIA PARQUE REFORMA)",0,0,0,0,7,0,0,0,7
"2211469","1834783","GERARDO RAMIREZ X",3,0,0,1,0,0,0,0,4
"2695883","2075361","HILTON SERVICECORPORATION",0,0,7,0,7,0,0,0,14
"2994778","2261700","ALVARADO MATUSJAIME GERMAN",6,6,0,1,0,6,0,0,19
"1650982","1406902","Ares Gestion y Cobro",0,3,0,0,3,0,0,0,6
"1696629","1431907","Antonio Nogueira Rojas",3,0,2,0,5,0,0,0,10
"3111872","2232078","COMERCIAL GFC SA DE CV",0,15,0,0,15,0,0,0,30
"2585398","2055947","TIENDAS SUPER PRECIO SA DE CV",0,0,0,1,9,0,0,1,11
"2725766","2042115","Edith Alvarez x",4,0,0,0,0,4,0,0,8
"3255809","2364000","CORNERJOB MEXICO",0,0,0,0,7,0,0,0,7
"3168549","2334307","MUNICIPIO DE PUERTO PENASCO",0,0,0,0,4,0,0,0,4
"1617534","1389358","GREENBERG TRAURIG S.C.",3,3,3,1,0,3,0,0,13
"2417744","1966829","LAURENT LARROUQUIS BENOIT",1,0,1,1,3,3,0,0,9
"3320115","2392497","CIA  PERIODISTICA DEL SOL DE G",1,1,1,1,15,1,1,1,22
"2263413","1453754","SA DE CVAMATS",0,0,0,1,3,0,0,1,5
"1646554","1398174","UNION PACIFIC DE MEXICO SADECV",3,0,0,1,0,3,0,0,7
"1835787","1469542","ISAAC  HAMUI ARAF",0,0,0,0,1,0,0,0,1
"3386936","2420801","SUSPIROS PASTELERIAS SERVICIOS",1,1,1,0,0,0,0,0,3
"2621695","2075361","HILTON SERVICECORPORATION",0,0,7,0,12,0,0,0,19
"3006558","1581840","SERGIO lopez",9,9,0,0,0,0,0,0,18
"3128174","2318290","EDELMANN PACKAGING MEXICO",15,0,5,1,0,15,0,1,37
"3186288","2341961","INVEST IN QUALITY SA DE CV",1,1,0,0,0,0,0,0,2
"3258407","1844239","JesusEspinoza",3,0,0,1,0,0,0,0,4
"2800622","2173303","LEVIC SA DE CV",0,0,0,1,20,0,0,0,21
"2135695","1765558","INFORMATICA APICAM LERMA",0,0,0,1,12,0,0,0,13
"2200337","1382476","Miriam Arriaga",7,0,0,1,5,0,0,0,13
"2382104","1940915","JOSE LUISPINZON",1,1,2,1,3,0,0,0,8
"2695960","2075361","HILTON SERVICECORPORATION",0,0,7,0,7,0,0,0,14
"3419412","2436518","SOCIEDAD FINANCIERA NIETO S A",6,6,0,0,0,6,0,0,18
"2220420","1841802","AMERICA HAU X",2,0,2,1,13,0,0,0,18
"2476001","1999120","MEGA OAXACA SADE CV",5,0,0,1,0,0,0,0,6
"3450592","2434601","SERVICIOS DE CONSULTORIAFREEW",20,0,20,1,0,20,0,0,61
"2431090","1749201","SA DE CVTALTIX",10,0,8,1,0,8,0,1,28
"2684942","2080279","JULIO CESAR MENDOZA GRAHAM",4,4,4,1,0,0,0,0,13
"2449915","1985273","GLOBAL CUO SA DE CV",5,0,5,1,0,0,0,0,11
"2329794","1908412","MAXIMINO MORAN VAZQUEZ",11,11,11,0,0,11,0,0,44
"2479305","1989717","DIEZ DE COATZACOALCOS SA DE CV",9,0,0,0,0,0,0,0,9
"3368824","2412776","S DE R DE CV GRUPO REVLIS",3,0,0,1,7,0,0,0,11
"2672519","2101454","EURODIEZ SA DECV",18,0,3,1,0,0,0,1,23
"2807052","1917515","DIAVAZCONSTRUCTORA",3,0,3,1,2,0,0,0,9
"2425652","1952379","Luis Fernando Rodriguez Garcia",0,0,1,0,6,0,0,0,7
"3205960","2349609","CABI ENTRETENIMIENTO S A P I",1,0,0,1,6,0,0,1,9
"3214504","2352992","DRAGADOS OFFSHORE",4,0,0,0,0,0,0,0,4
"3242632","2295278","DISTRIBUIDORALEVIC",0,0,0,1,3,0,0,0,4
"3460569","2429381","CULTURLINGUA JALISCO SA DE CV.",0,0,1,1,1,0,0,0,3
"3061023","1635121","L ETEDIJEICENTRO DE ESTUDIOS",12,0,0,1,0,1,0,1,15
"2425781","1952379","Luis Fernando Rodriguez Garcia",0,0,1,0,7,0,0,0,8
"2892698","1582377","Deyanira Davila",0,0,0,1,18,0,0,1,20
"3378809","2417172","Guadalupe Sanchez P",0,0,0,0,0,0,0,1,1
"2478810","2000508","UBICAMOVIL SA DE CV",14,4,8,1,0,0,0,0,27
"2414988","1965301","JORGE FERNANDO PEREZ GIFFARD",4,0,4,1,2,0,0,0,11
"2876556","1432517","SA DE CVCERTERO ADMINISTRADOR",3,3,3,1,0,0,0,0,10
"2903709","2223459","ROLAND INSTRUMENTOS MUSICALES",0,0,0,1,9,9,0,0,19
"3277925","1450911","PRODUCTOSSALAZAR",2,0,2,0,6,8,0,1,19
"2713731","2080279","JULIO CESAR MENDOZA GRAHAM",3,3,3,1,0,0,0,0,10
"3166895","2333610","APL LOGISTICS WAREHOUSE M SA D",2,0,0,1,13,0,0,0,16
"3312990","2389790","TRANSPORTES CASTORES DE BAJA C",5,0,0,1,0,0,0,0,6
"2694423","2075361","HILTON SERVICECORPORATION",0,0,7,0,7,0,0,0,14
"3459407","2326496","UNIVERSIDADPOLITECNICA",3,0,0,0,5,0,0,1,9
"1937562","1434910","Fernando Juache A",0,0,1,0,3,0,0,0,4
"3434678","2443261","MUNICIPIO DE ATLIXCO PUEBLA",9,0,9,1,0,0,0,0,19
"2186869","1434910","Fernando Juache A",0,0,0,0,4,0,0,0,4
"3195524","2345257","MUNICIPIO DE LEON",7,8,8,1,1,5,0,1,31
"2358980","1405165","LG SERVICIOS INDUSTRIALES",4,1,0,1,12,1,1,0,20
"2088642","1685113","MTHCAPITAL",11,0,0,1,0,11,0,0,23
"1677347","1416182","FIDEICOMISO DE PUENTES FRONTE",1,0,1,1,8,0,0,0,11
"2644181","2087589","KELMAN DESARROLLOS SA DE CV",15,0,15,1,1,15,0,0,47
"2146250","1751480","TRES SA DE CVOPERADORA",0,0,3,0,3,0,0,0,6
"1751679","1438057","ALEJANDRO GOMEZ MTZ",5,5,5,1,0,5,0,1,22
"1734712","1453551","BETTER PLAN SA DE CV",5,0,0,1,15,0,0,0,21
"3317883","2391656","RED DE SERVICIOS FINANCIEROS",0,0,0,1,3,0,0,0,4
"2820075","2042115","Edith Alvarez x",0,0,0,0,4,0,0,0,4
"2584827","2054084","TRITURACION  EQUIPO DE AGREGAD",3,3,3,1,0,0,0,0,10
"2923230","2231620","ALLEN LABORATORIOS",0,0,0,1,7,0,0,0,8
"2036353","1686686","EMANUEL SOLIS SOLIS",0,0,0,1,12,12,0,1,26
"3379546","2397843","CAJAPLAX S A",0,0,3,0,9,0,0,1,13
"1980428","1643956","JESUS PEREZ PEREZ",10,10,10,1,0,0,0,1,32
"2469599","1995862","HOLBOX GAS S A DE C V",2,2,2,1,2,0,0,0,9
"2930184","2232078","COMERCIAL GFC SA DE CV",0,19,0,0,20,0,0,0,39
"2694502","2075361","HILTON SERVICECORPORATION",0,0,7,0,7,0,0,0,14
"3103926","2308451","CANO CARRASCO FRANCISCO JAVIER",3,0,3,1,0,0,0,1,8
"3344159","2402246","Lic. Vanessa Lozoya Granados",6,0,0,1,0,6,0,0,13
"1955013","1419198","Vulcanizadora Everest",3,0,0,0,0,3,0,0,6
"2542187","2020593","AMIGOS POR LA CULTURA Y LA REC",0,0,0,1,10,0,0,0,11
"2107789","1651003","SHAMIR MACHADO GOMEZ",6,0,0,1,0,0,0,0,7
"3261049","1646184","DE MEXICO SA DE CVICL",3,0,0,1,7,0,0,0,11
"1701590","1434516","Jorge DArgence Morell",2,0,2,0,13,0,0,0,17
"2160327","1751480","TRES SA DE CVOPERADORA",0,0,0,0,3,0,0,0,3
"2725631","2116994","GRUPO DEPORTIVODADI S A  DE C",18,0,11,1,0,18,0,0,48
"3010914","2268489","J J S  CAPITALS A P I  DE C V",2,0,2,1,10,2,0,1,18
"2443840","1981971","JVL MOBI MEXICOSA DE CV",2,0,2,1,2,4,0,1,12
"2088525","1720207","RAYNALDO DUARTE X",3,3,3,1,1,0,0,0,11
"2549394","2014806","AVILES HELGUERES RICARDO",5,0,0,1,0,0,0,0,6
"3079162","2297926","AMEFARAC",1,0,0,1,11,11,0,1,25
"3452690","2290979","EVELYN RAMIREZ ESQUINCA",0,10,0,1,10,0,0,1,22
"3181899","2330212","WYNDHAM HOTEL",10,5,5,1,0,10,0,1,32
"1707747","1437825","LA GUADALUPANA CASA FUNERAL",1,0,1,1,0,0,0,0,3
"2813027","2042115","Edith Alvarez x",0,0,0,0,4,0,0,0,4
"2636717","2083199","ALMACEN DE PLAYERAS SA DE CV",4,0,4,1,0,0,0,0,9
"3431993","1735963","JUZGADO CIVIL DE PRIMERA",0,0,0,0,3,0,0,0,3
"1938709","1607946","Rafael Sanchez Archer",0,0,1,0,8,0,0,0,9
"3381980","2401781","MICOPERI DE MEXICO SA DE CV",0,0,0,1,9,0,0,0,10
"1830514","1535910","Miguel Angel Lopez L",3,14,4,1,18,19,1,0,60
"1646031","1398174","UNION PACIFIC DE MEXICO SADECV",3,0,0,1,0,3,0,0,7
"3435214","2347538","Ing. Sergio Esquivel Arredondo",3,0,3,1,0,0,0,0,7
"2880408","1375121","PROMOCIONES METROPOLI SA DE CV",4,0,4,1,1,5,0,1,16
"3434019","2429381","CULTURLINGUA JALISCO SA DE CV.",0,0,0,1,1,0,0,1,3
"1719779","1441185","VALLE DE SANTIAGO GTO",0,0,0,1,20,0,0,1,22
"3420459","2437012","CARRIZAL MININGSA DE CV",10,0,0,1,0,10,0,1,22
"3417877","2435794","MENDOZA PERTIERRA JOAQUIN IGNA",14,0,0,1,0,14,0,1,30
"2347101","1924733","CESAR  CEBALLOS MONDRAGON",5,5,3,1,0,5,0,1,20
"2137505","1765558","INFORMATICA APICAM LERMA",1,0,0,0,14,0,0,0,15
"2424886","1952379","Luis Fernando Rodriguez Garcia",0,0,1,0,3,0,0,0,4
"2791397","2168386","YOUNGEVITY MEXICO SA DE CV",3,0,0,1,0,0,0,0,4
"2962990","2242061","FINCAMONTE",15,15,3,1,0,0,0,0,34
"3434600","2049383","PUEBLAMUNICIPIO",9,0,9,1,0,0,0,0,19
"3394803","2415420","UXIXCGUAGUADALAJARA",5,0,0,1,0,1,0,0,7
"3299954","2383797","Instituto Hamilton de Chihuahua SC",2,8,2,1,8,0,0,1,22
"3235454","2361972","BIRTAC DOTCOM SADE CV",3,2,1,1,0,0,0,1,8
"1621288","1391317","Gas Tenabo",3,0,2,1,2,0,0,0,8
"3296411","2135046","HACEMOS FUEGO",0,3,0,1,3,0,0,0,7
"2392450","1952379","Luis Fernando Rodriguez Garcia",0,0,1,0,5,0,0,0,6
"2766656","2101454","EURODIEZ SA DECV",10,0,0,0,0,0,0,0,10
"3164608","1445434","MULTIMODAL",20,6,6,1,0,9,0,1,43
"2403525","1958743","GABRIEL ESTRADA X",0,0,0,1,12,0,0,0,13
"3272458","2375618","VALLE DE ANGELOPOLIS",0,2,0,1,2,2,0,0,7
"2746252","2097040","FIDEICOMISO 728 FIPATERM",2,0,0,1,4,0,1,0,8
"3116102","1772869","BOSNOR CARLOS FLORES",0,0,0,1,15,0,0,0,16
"2886045","2042115","Edith Alvarez x",0,0,0,0,4,0,0,0,4
"3304513","2380923","LABORATORIOS RIVAS S DE RL DE",15,0,15,1,0,0,0,0,31
"2494114","2000508","UBICAMOVIL SA DE CV",13,3,10,1,0,0,0,0,27
"3241645","2364560","PADMONT SA DE CV",0,0,0,0,5,0,0,0,5
"2425754","1952379","Luis Fernando Rodriguez Garcia",0,0,1,0,5,0,0,0,6
"2424218","1952379","Luis Fernando Rodriguez Garcia",0,0,1,0,6,0,0,0,7
"3074176","2295799","ID AUTOMATION SA DE CV",1,0,0,1,0,1,0,1,4
"1938253","1434910","Fernando Juache A",0,0,1,0,3,0,0,0,4
"1763943","1434910","Fernando Juache A",0,0,0,0,3,0,0,0,3
"2422558","1952379","Luis Fernando Rodriguez Garcia",0,0,1,0,6,0,0,0,7
"2548189","2035514","INVERGLEZ S DERL DE CV",3,0,3,1,0,0,0,0,7
"1658101","1410414","DITECMA SA DE CV",0,0,0,1,8,0,1,0,10
"2748275","2042115","Edith Alvarez x",0,0,0,0,4,0,0,0,4
"3190425","1244052","Armando Pascacio",9,9,9,1,0,9,0,1,38
"2242253","1512046","BEERBANK",6,6,0,1,0,0,0,0,13
"2360935","1405165","LG SERVICIOS INDUSTRIALES",9,0,0,1,3,0,0,0,13
"2138384","1640761","JOSEBRAVO",0,0,0,0,9,0,0,0,9
"3280334","1772869","BOSNOR CARLOS FLORES",0,0,0,1,15,0,0,0,16
"2602176","2065070","CARGO SERVICIOSPROFESIONALES",11,12,11,1,0,10,0,0,45
"2359430","1932130","ROB PANTOJA X",0,0,0,1,8,0,0,0,9
"1835779","1469542","ISAAC  HAMUI ARAF",0,0,0,0,1,0,0,0,1
"1501573","1322847","Analisis Y Evaluacion",2,3,3,1,1,1,1,1,13
"3429252","2227229","GOBIERNODEL ESTADO DE",0,0,0,0,20,0,0,0,20
"2236515","1854586","DIEGO VILLAREAL X",0,0,0,1,3,0,0,0,4
"2208468","1453754","SA DE CVAMATS",3,0,0,1,0,0,0,1,5
"3445201","2444344","VICTORRODRIGUEZ",0,9,0,0,0,0,0,0,9
"2705721","2065070","CARGO SERVICIOSPROFESIONALES",6,7,0,0,0,6,0,0,19
"2491317","2005114","COCINAS DE CULTO S A DE C V",0,0,0,1,3,0,0,0,4
"2483157","1242849","CITEC",3,3,3,1,7,1,0,1,19
"3386148","2420414","TOJOY MEXICO SADE CV",0,0,0,1,8,0,0,1,10
"2176952","1453754","SA DE CVAMATS",12,0,0,1,0,0,0,1,14
"2350936","1924733","CESAR  CEBALLOS MONDRAGON",0,0,0,0,3,1,0,0,4
"3434592","2398362","UNIVERSIDAD TECNOLOGICA DE LA",0,0,0,0,12,0,0,0,12
"2320884","1908427","CARLOS GABRIE PAEZ CASTRO",3,2,0,1,0,0,0,0,6
"3428368","1726530","HIERRO COMERCIAL",0,0,0,0,6,0,0,0,6
"3417267","2176612","LOGRA NEGOCIOSSAPI",0,0,0,1,9,0,0,0,10
"3242666","2364898","DISTRIBUIDORA LEVIC S DE RL",0,0,0,1,3,0,0,0,4
"1678608","1421478","ARMANDO",4,0,4,1,4,0,0,0,13
"3242658","2364892","LEVIC SA DE CV",0,0,0,1,3,0,0,0,4
"2031315","1682242","CINDY FERNANDEZ BALAN",0,0,0,1,6,0,0,0,7
"3429661","2440890","GS DE MEXICO",8,0,0,0,0,0,0,0,8
"2684906","2080279","JULIO CESAR MENDOZA GRAHAM",6,6,6,1,0,0,0,0,19
"1683598","1263806","JOSUE MANUEL QUINTERO PATINO",2,2,2,1,5,0,0,0,12
"3197402","2345983","APEVSE PUBLICIDAD EN VINIL SA",3,0,3,1,0,0,0,1,8
"1835806","1438057","ALEJANDRO GOMEZ MTZ",5,0,5,1,0,5,0,1,17
"2284436","1841802","AMERICA HAU X",1,0,2,0,14,0,0,0,17
"3172790","2335924","BENAFI SA DE CV",0,0,0,0,5,0,0,1,6
"2745708","2042115","Edith Alvarez x",0,0,0,0,4,0,0,0,4
"2714101","2126862","HBPO MEXICO SADE CV",8,0,0,1,0,8,0,0,17
"1750417","1399592","CIETSA INSTRUMENTACIO",3,0,3,0,2,0,0,0,8
"1615885","1119695","Daniel   Medrano Escalante",10,0,0,0,0,0,0,0,10
"1637440","1399592","CIETSA INSTRUMENTACIO",9,0,2,1,0,0,0,0,12
"1678512","1247061","Luis Alberto Cervantes",1,0,0,0,2,0,0,0,3
"2137470","1434910","Fernando Juache A",0,0,0,0,3,0,0,0,3
"1697571","1107645","Marcela  Rivera Jimenez",3,0,0,0,0,0,0,0,3
"3380162","2417763","ARIZA DE MEXICOSA DE CV",0,3,0,0,3,0,0,0,6
"3007571","1806258","ARMSTRONG INT CAP",15,15,15,1,0,15,0,1,62
"1677364","1221947","JOSE TRINIDAD SANTOS",4,4,4,1,0,4,0,1,18
"2892622","2218336","CONSORCIO INTERNACIONAL DE",3,0,0,1,3,0,0,0,7
"2309200","1416182","FIDEICOMISO DE PUENTES FRONTE",1,0,0,1,17,0,0,0,19
"1756531","1469542","ISAAC  HAMUI ARAF",0,0,0,1,1,0,0,0,2
"3418182","2435921","FORMULAS MAGISTRALES SA DE CV",0,0,0,1,20,0,0,1,22
"3042443","2270213","PEREZ SANTOS CARMELA",9,0,9,1,3,0,0,0,22
"3242642","2364882","DISTRIBUIDORA LEVIC SRL DE CV",0,0,0,1,3,0,0,0,4
"3340450","2392497","CIA  PERIODISTICA DEL SOL DE G",0,0,0,0,12,0,0,0,12
"1516690","1333022","Alex Garduno Aguilera",1,1,5,1,4,2,0,0,14
"3097402","1061179","Durst Image",14,0,14,1,0,0,0,1,30
"2360977","1405165","LG SERVICIOS INDUSTRIALES",1,0,0,1,5,0,0,0,7
"1615852","1119695","Daniel   Medrano Escalante",5,0,5,1,10,0,0,1,22
"2682925","2080279","JULIO CESAR MENDOZA GRAHAM",3,3,3,1,0,0,0,0,10
"2356394","1930288","HUMBERTO GRIMALDO QUEZADA",0,0,0,1,3,3,0,0,7
"1711523","1433528","NIDICON COMUNICACIONES",1,1,1,0,4,0,0,0,7
"2686005","2110928","ULTIMATE EXPLORER METEPEC",10,0,0,1,0,4,0,0,15
"2765593","1326471","SERVICIOS TURISTICOS LA MANSI",1,0,0,1,14,0,0,1,17
"3388340","2421420","KALE FANS AMERICA S A  DE C V",0,0,0,1,3,0,0,1,5
"1864962","1542735","Ernesto Cavieres Pineda",17,17,17,1,0,17,0,1,70
"1674217","1419198","Vulcanizadora Everest",6,0,2,1,0,6,0,1,16
"3173463","2336219","DIANMING MEXICOSA DE CV",3,0,3,1,0,0,0,0,7
"1707956","1436250","JUAN RAFAEL VENEGAS VENEGAS",2,0,0,0,0,0,0,0,2
"2188075","1810451","Cesar Arjon x",2,0,0,1,0,1,0,1,5
"1595871","1357549","Rafael  Miranda",1,0,0,1,2,0,0,0,4
"1527488","1340057","Juan Antonio",6,0,6,1,10,0,0,0,23
"3450798","2450555","FUNDACION J GARCIA LOPEZ AC",0,0,0,0,6,0,0,0,6
"2877939","2135505","GOB DE LA CDMX",20,0,0,0,0,10,0,0,30
"2928877","2233642","TU OFICINA DONDE ESTES SC",15,9,10,1,0,0,0,1,36
"3336684","2395016","IMAGEN RADIO COMERCIAL SA DE C",3,0,0,0,12,0,0,0,15
"1822758","1434516","Jorge DArgence Morell",0,0,1,0,5,0,0,0,6
"2854203","2200273","MANPOWER SA DECV",12,12,0,1,0,0,0,0,25
"1763244","1475094","Fermin Montiel Diaz",0,0,0,0,10,0,0,0,10
"1706369","1436968","MUNICIPIO DE LA BARCA JALISCO",4,0,0,1,0,0,0,0,5
"2830508","2186401","ALIVIA SA DE CV",0,0,0,1,3,0,0,0,4
"1516866","1333158","Maqueta 2",10,10,10,1,10,20,0,1,62
"1621162","1391245","Pacc Offshore",2,0,2,1,13,0,0,0,18
"1835385","1439143","SAULSIGALASIGALA",0,0,0,0,3,0,0,0,3
"2865358","2144080","OPERADORA DE EVENTOS",0,0,0,1,8,0,0,0,9
"3292293","2372561","INST EDUCACIONDIGITAL DEL EDO",10,0,0,0,10,0,0,0,20
"3235814","1193641","SICE AGENCIAMIENTO",4,0,4,1,8,0,1,0,18
"2320857","1908412","MAXIMINO MORAN VAZQUEZ",11,11,11,1,0,11,0,1,46
"2953179","2042115","Edith Alvarez x",0,0,0,0,4,0,0,0,4
"3451623","2290979","EVELYN RAMIREZ ESQUINCA",0,10,0,1,10,0,0,1,22
"3224377","2349734","CABI ENTRETENIMIENTO S A P I",1,0,0,0,5,0,0,0,6
"2409453","1458156","DE ORIENTE SA DE C VFARMA",0,0,0,1,8,0,0,1,10
"3308815","1952712","Ricardo Akle",3,3,3,1,3,6,0,1,20
"2780928","2123415","TIENDAS SUPER PRECIO S A  DE C",0,0,0,1,9,9,0,1,20
"1731382","1443342","JUAN  OSORNIO TEPANECATL",6,1,6,1,11,0,0,0,25
"2947603","1369069","artes graficas unidas sa de c",2,0,1,0,5,0,0,0,8
"3246597","2366248","LUXE ADMINISTRACION Y CONTROL",1,0,0,0,11,0,0,0,12
"2883867","2201755","eePRINTpack",4,2,2,1,11,0,0,0,20
"3372296","2414228","KARCHER MEXICOSA DE CV",0,0,0,0,2,0,0,0,2
"2727794","2101454","EURODIEZ SA DECV",10,0,0,1,0,0,0,0,11
"2691878","1802499","ALICIA CANELA",8,7,7,1,0,0,0,0,23
"2441189","1980426","JAVID DE MEXICOS DE RL DE CV",1,0,1,1,5,6,0,0,14
"3246819","2366330","LUXE ADMINISTRACION Y CONTROL",0,0,0,0,8,0,0,0,8
"2888190","1772869","BOSNOR CARLOS FLORES",0,0,0,1,17,0,0,0,18
"3403482","2428841","CALIDAD DE VIDAY PROGRESO",2,2,0,1,18,2,0,0,25
"2644753","2063322","GRAND HOME SA DE CV",12,0,1,1,0,0,0,0,14
"3078816","2297794","SERV AC BEBIDAS",10,0,0,1,1,5,0,0,17
"2425364","1952379","Luis Fernando Rodriguez Garcia",0,0,1,0,3,0,0,0,4
"2772490","1326471","SERVICIOS TURISTICOS LA MANSI",0,0,0,1,13,0,0,1,15
"2765166","2087589","KELMAN DESARROLLOS SA DE CV",10,0,3,1,0,10,0,0,24
"2631015","2080279","JULIO CESAR MENDOZA GRAHAM",4,4,4,1,0,0,0,0,13
"2837846","2192373","LUIS RODRIGUEZ BERISTAIN",4,0,4,1,10,10,0,0,29
"2942996","1369069","artes graficas unidas sa de c",1,0,0,1,20,0,0,0,22
"2867613","2087589","KELMAN DESARROLLOS SA DE CV",0,0,0,1,5,4,0,0,10
"3024489","1434910","Fernando Juache A",0,0,0,0,4,0,0,0,4
"3235922","2297794","SERV AC BEBIDAS",0,0,0,0,1,0,0,0,1
"3413456","2433695","GAS EXPRESS NIETO",3,3,0,0,0,3,0,0,9
"3440695","2446132","VIP PRIVATE SECURITY SERV SD C",1,0,0,1,0,0,0,1,3
"2382413","1946124","VICTOR VARELA MORENO",4,4,0,0,1,0,0,0,9
"1816927","1469542","ISAAC  HAMUI ARAF",6,1,5,1,8,0,0,1,22
"2656348","1503488","CHEDRAHUIBUDIB",3,0,3,1,12,0,0,0,19
"1701602","1434516","Jorge DArgence Morell",0,0,0,0,4,0,0,0,4
"2788515","2135505","GOB DE LA CDMX",20,0,0,1,0,10,0,1,32
"1701724","1434516","Jorge DArgence Morell",0,0,0,0,5,0,0,0,5
"1672160","1417891","MIGUEL ANTONIO",0,0,0,0,3,1,0,0,4
"2807065","2176612","LOGRA NEGOCIOSSAPI",6,0,5,1,9,0,0,1,22
"1786812","1497624","Alejandra silva silva",0,0,0,1,4,0,0,0,5
"1758599","1470678","Oscar Ramirez GAS",5,2,2,1,0,2,0,1,13
"1800905","1469542","ISAAC  HAMUI ARAF",0,0,0,0,1,0,0,0,1
"3078540","1853570","BARBUDO SANCHEZ",1,0,9,1,10,0,0,0,21
"1697707","1417891","MIGUEL ANTONIO",0,0,0,0,1,0,0,0,1
"1695173","1431023","MEXICANA CRUZ ROJA",0,0,0,1,5,0,0,1,7
"3042665","2146599","EMPOWERMENTCENTER",3,3,3,1,0,3,0,0,13
"2694514","2075361","HILTON SERVICECORPORATION",0,0,7,0,7,0,0,0,14
"3204252","2348926","TORRES SALAYA MARGARITA",2,1,1,1,0,2,0,0,7
"3442524","2437077","HUGOLARA",0,0,0,1,9,0,0,0,10
"2631049","2080279","JULIO CESAR MENDOZA GRAHAM",3,3,3,1,0,0,0,0,10
"2908843","2042115","Edith Alvarez x",0,0,0,0,4,0,0,0,4
"1717422","1107645","Marcela  Rivera Jimenez",6,0,0,0,0,0,0,0,6
"1696458","1417891","MIGUEL ANTONIO",0,0,0,0,3,0,0,0,3
"1705422","1436402","Joaquin Garcia Marrero",5,0,4,0,1,0,0,0,10
"1830405","1535847","Fidel Cuamatzi C",0,0,0,1,15,0,0,0,16
"1780758","1491045","Marco Antonio Ramirez Martagon",5,5,5,1,0,0,0,1,17
"3182910","2340488","INCSLINGERS MEXICO S DE RL DE",8,8,2,1,0,6,0,1,26
"2673756","2075361","HILTON SERVICECORPORATION",0,0,1,0,7,0,0,0,8
"2694516","2075361","HILTON SERVICECORPORATION",0,0,7,0,7,0,0,0,14
"2792513","1229046","FRANCISCO NA BAENA",4,0,3,1,4,0,0,0,12
"2494577","1954735","MARCO ANTONIOLAVAREDA",3,0,3,1,0,0,0,0,7
"1697716","1417891","MIGUEL ANTONIO",0,0,0,0,7,0,0,0,7
"2432574","1952379","Luis Fernando Rodriguez Garcia",0,0,1,0,5,0,0,0,6
"3186076","2341892","UNIDAD DE VALORES S A P I DE C",0,0,0,0,5,0,0,0,5
"3305053","2386849","CONTRALORIA MUNICIPAL",0,0,0,1,8,0,0,0,9
"2909533","1338878","Mayra Martinon",6,0,6,1,0,6,0,0,19
"2695783","2075361","HILTON SERVICECORPORATION",0,0,7,0,7,0,0,0,14
"1615035","1388110","PROPERTY CONSULTANS",7,4,7,1,6,11,0,1,37
"1756062","1434516","Jorge DArgence Morell",0,0,0,0,4,0,0,0,4
"3389811","2422155","COMPANIA DE ELECTRICIDAD LOS R",0,0,0,0,3,0,0,0,3
"2946157","2042115","Edith Alvarez x",0,0,0,0,4,0,0,0,4
"2145349","1772869","BOSNOR CARLOS FLORES",8,0,4,1,9,0,1,0,23
"3451128","2434601","SERVICIOS DE CONSULTORIAFREEW",20,0,20,1,0,20,0,0,61
"3126218","2317535","DEUSTUA RAMIREZMA ELENA",0,0,0,1,3,0,0,1,5
"3361642","1445434","MULTIMODAL",20,3,3,0,0,20,1,0,47
"2697097","2075361","HILTON SERVICECORPORATION",0,0,2,0,3,0,0,0,5
"3296157","2383425","LEVIC SA DE CV",0,0,0,1,3,0,0,0,4
"2695713","2075361","HILTON SERVICECORPORATION",0,0,7,0,7,0,0,0,14
"1758571","1469542","ISAAC  HAMUI ARAF",0,0,0,0,1,1,0,0,2
"2673629","2080279","JULIO CESAR MENDOZA GRAHAM",3,3,3,1,0,0,0,0,10
"2696732","2075361","HILTON SERVICECORPORATION",0,0,7,0,7,0,0,0,14
"3258153","2366306","LUXE ADMINISTRACION Y CONTROL",0,0,0,0,9,0,0,0,9
"2849964","2198225","QUEBEC CONSULTORES SA DE CV",9,0,9,1,0,0,0,1,20
"1783902","1494561","OSCAR ALONSO RODRIGUEZ LOPEZ",5,5,5,1,15,0,0,1,32
"3361770","1445434","MULTIMODAL",20,0,0,0,0,20,1,0,41
"2815118","2180873","ALFA DEVCO SA DE CV",4,0,4,1,0,0,0,0,9
"1731366","1443342","JUAN  OSORNIO TEPANECATL",0,1,0,0,1,0,0,0,2
"2898632","2221217","BIENES PROGRAMADOS SA DE CV",0,0,0,1,8,0,0,0,9
"1708493","1436250","JUAN RAFAEL VENEGAS VENEGAS",2,0,0,0,0,0,0,0,2
"3304564","2380923","LABORATORIOS RIVAS S DE RL DE",10,0,10,0,0,0,0,0,20
"2679359","2063322","GRAND HOME SA DE CV",8,0,1,1,0,0,0,0,10
"1719656","1434910","Fernando Juache A",0,0,0,0,3,0,0,0,3
"2748398","2042115","Edith Alvarez x",0,0,0,0,4,0,0,0,4
"1702362","1434910","Fernando Juache A",0,0,0,0,3,0,0,0,3
"1705108","1436250","JUAN RAFAEL VENEGAS VENEGAS",2,0,0,0,0,0,0,0,2
"3441466","2429381","CULTURLINGUA JALISCO SA DE CV.",0,0,0,1,1,0,0,1,3
"2797606","2169494","COMPANIA MINERACUZCATLAN",17,15,9,1,0,0,0,1,43
"2981269","2255759","BANFIELD INTERNACIONAL",2,0,0,1,0,2,0,0,5
"2924718","2232078","COMERCIAL GFC SA DE CV",1,20,0,1,20,0,0,0,42
"1727903","1435834","FS NETWORKS SA DE CV",1,1,1,1,0,0,0,0,4
"2883279","2214062","PERFORMANCE TALENT",15,0,15,1,0,15,0,1,47
"2729690","2135505","GOB DE LA CDMX",20,0,0,1,0,10,0,1,32
"2776154","1417891","MIGUEL ANTONIO",0,0,0,0,1,0,0,0,1
"2696877","2116994","GRUPO DEPORTIVODADI S A  DE C",20,0,0,1,0,15,0,0,36
"3124600","2181235","Infraestructura&Consultoria",0,0,0,1,3,3,0,0,7
"3139308","2313526","S A P A S N I RNICOLAS ROMERO",0,0,0,1,15,0,0,0,16
"1893775","1587469","FERNANDO COBARRUBIAS",0,0,0,0,6,0,0,0,6
"3296360","2376633","LAMINADOS CASABLANCA S A  DE C",0,0,0,0,12,0,0,0,12
"2468251","1995114","SUSPIROS PASTELERIAS SA DE CV",0,1,0,0,3,0,0,0,4
"2699065","2118251","VAZQUEZ ROSSI JUAN CARLOS",4,4,1,0,0,0,0,0,9
"3459564","2404801","COMERCIO INTERNACIONAL SISTEMA",0,0,0,0,0,2,0,0,2
"3263823","2372561","INST EDUCACIONDIGITAL DEL EDO",0,0,0,1,20,0,0,1,22
"3250969","2368033","DISTRIBUIDORA LEVIC",0,0,0,1,3,0,0,0,4
"2695681","2075361","HILTON SERVICECORPORATION",0,0,7,0,7,0,0,0,14
"3099020","2304833","MVP SERVICIOS SC",8,0,7,1,1,0,0,0,17
"2695829","2075361","HILTON SERVICECORPORATION",0,0,7,0,7,0,0,0,14
"2673656","2080279","JULIO CESAR MENDOZA GRAHAM",4,4,4,0,0,0,0,0,12
"3429543","2435049","GYRODATA DE MEXICO S A DE C",1,0,0,0,0,0,0,0,1
"3373976","2414026","SAN ISIDRO DISTRIBUCIONES SA D",0,15,0,0,0,0,0,1,16
"2720545","2080279","JULIO CESAR MENDOZA GRAHAM",3,3,3,1,0,3,0,0,13
"2686577","2087589","KELMAN DESARROLLOS SA DE CV",10,0,10,1,0,10,0,0,31
"3316058","2390961","GOBIERNO DEL ESTADO TABASCO",0,0,0,1,12,0,0,1,14
"2995743","2262095","LOFLOES S A  DEC V",3,0,3,1,3,3,0,1,14
"2684334","2109973","ARRENDADORA Y COMERCIALIZADORA",3,3,3,1,0,3,0,0,13
"2396368","1725819","RAFAEL ROSAS ROSAS",0,0,0,1,7,0,0,0,8
"3228398","2358977","GRAN RAJA COMERCIALIZADOR",3,1,2,1,0,3,0,0,10
"1720204","1444530","Hugo Morales M",0,0,0,0,9,0,0,0,9
"3252603","2368630","LEVIC SA DE CV",0,0,0,1,3,0,0,0,4
"2992987","2246024","ARNESES ELECTRICOS AUTOMOTRICE",2,2,0,1,6,8,0,1,20
"1695478","1431183","Ricardo Tapia Parrilla",1,0,0,0,5,5,0,0,11
"1718125","1443342","JUAN  OSORNIO TEPANECATL",1,0,0,0,0,0,0,0,1
"2791532","2168461","BOMBARDIER TRANSPORTATION MEXI",0,0,0,0,6,0,0,0,6
"2409326","1952379","Luis Fernando Rodriguez Garcia",0,0,1,0,4,0,0,0,5
"2559876","2042115","Edith Alvarez x",0,0,0,0,4,0,0,0,4
"2904196","2201755","eePRINTpack",1,1,0,0,8,0,0,0,10